filename,label
/AD_IMG/0 (1).png,ad
/AD_IMG/0 (10).png,ad
/AD_IMG/0 (11).png,ad
/AD_IMG/0 (12).png,ad
/AD_IMG/0 (13).png,ad
/AD_IMG/0 (14).png,ad
/AD_IMG/0 (15).png,ad
/AD_IMG/0 (2).png,ad
/AD_IMG/0 (3).png,ad
/AD_IMG/0 (4).png,ad
/AD_IMG/0 (5).png,ad
/AD_IMG/0 (6).png,ad
/AD_IMG/0 (7).png,ad
/AD_IMG/0 (8).png,ad
/AD_IMG/0 (9).png,ad
/AD_IMG/1 copy.png,ad
/AD_IMG/1.png,ad
/AD_IMG/10 copy.png,ad
/AD_IMG/10.png,ad
/AD_IMG/11 copy.png,ad
/AD_IMG/11.png,ad
/AD_IMG/12 copy.png,ad
/AD_IMG/12.png,ad
/AD_IMG/13 copy.png,ad
/AD_IMG/13.png,ad
/AD_IMG/14 copy.png,ad
/AD_IMG/14.png,ad
/AD_IMG/15 copy.png,ad
/AD_IMG/15.png,ad
/AD_IMG/2 (1).png,ad
/AD_IMG/2 (10).png,ad
/AD_IMG/2 (11).png,ad
/AD_IMG/2 (12).png,ad
/AD_IMG/2 (13).png,ad
/AD_IMG/2 (14).png,ad
/AD_IMG/2 (15).png,ad
/AD_IMG/2 (2).png,ad
/AD_IMG/2 (3).png,ad
/AD_IMG/2 (4).png,ad
/AD_IMG/2 (5).png,ad
/AD_IMG/2 (6).png,ad
/AD_IMG/2 (7).png,ad
/AD_IMG/2 (8).png,ad
/AD_IMG/2 (9).png,ad
/AD_IMG/2 copy.png,ad
/AD_IMG/2.png,ad
/AD_IMG/3 (1).png,ad
/AD_IMG/3 (10).png,ad
/AD_IMG/3 (11).png,ad
/AD_IMG/3 (12).png,ad
/AD_IMG/3 (13).png,ad
/AD_IMG/3 (14).png,ad
/AD_IMG/3 (15).png,ad
/AD_IMG/3 (2).png,ad
/AD_IMG/3 (3).png,ad
/AD_IMG/3 (4).png,ad
/AD_IMG/3 (5).png,ad
/AD_IMG/3 (6).png,ad
/AD_IMG/3 (7).png,ad
/AD_IMG/3 (8).png,ad
/AD_IMG/3 (9).png,ad
/AD_IMG/3 copy.png,ad
/AD_IMG/3.png,ad
/AD_IMG/4 (1).png,ad
/AD_IMG/4 (10).png,ad
/AD_IMG/4 (11).png,ad
/AD_IMG/4 (12).png,ad
/AD_IMG/4 (13).png,ad
/AD_IMG/4 (14).png,ad
/AD_IMG/4 (15).png,ad
/AD_IMG/4 (2).png,ad
/AD_IMG/4 (3).png,ad
/AD_IMG/4 (4).png,ad
/AD_IMG/4 (5).png,ad
/AD_IMG/4 (6).png,ad
/AD_IMG/4 (7).png,ad
/AD_IMG/4 (8).png,ad
/AD_IMG/4 (9).png,ad
/AD_IMG/4 copy.png,ad
/AD_IMG/4.png,ad
/AD_IMG/5 (1).png,ad
/AD_IMG/5 (10).png,ad
/AD_IMG/5 (11).png,ad
/AD_IMG/5 (12).png,ad
/AD_IMG/5 (13).png,ad
/AD_IMG/5 (14).png,ad
/AD_IMG/5 (15).png,ad
/AD_IMG/5 (2).png,ad
/AD_IMG/5 (3).png,ad
/AD_IMG/5 (4).png,ad
/AD_IMG/5 (5).png,ad
/AD_IMG/5 (6).png,ad
/AD_IMG/5 (7).png,ad
/AD_IMG/5 (8).png,ad
/AD_IMG/5 (9).png,ad
/AD_IMG/5 copy.png,ad
/AD_IMG/5.png,ad
/AD_IMG/6 (1).png,ad
/AD_IMG/6 (10).png,ad
/AD_IMG/6 (11).png,ad
/AD_IMG/6 (12).png,ad
/AD_IMG/6 (13).png,ad
/AD_IMG/6 (14).png,ad
/AD_IMG/6 (15).png,ad
/AD_IMG/6 (2).png,ad
/AD_IMG/6 (3).png,ad
/AD_IMG/6 (4).png,ad
/AD_IMG/6 (5).png,ad
/AD_IMG/6 (6).png,ad
/AD_IMG/6 (7).png,ad
/AD_IMG/6 (8).png,ad
/AD_IMG/6 (9).png,ad
/AD_IMG/6 copy.png,ad
/AD_IMG/6.png,ad
/AD_IMG/7 copy.png,ad
/AD_IMG/7.png,ad
/AD_IMG/8 (1).png,ad
/AD_IMG/8 (10).png,ad
/AD_IMG/8 (11).png,ad
/AD_IMG/8 (12).png,ad
/AD_IMG/8 (13).png,ad
/AD_IMG/8 (14).png,ad
/AD_IMG/8 (15).png,ad
/AD_IMG/8 (2).png,ad
/AD_IMG/8 (3).png,ad
/AD_IMG/8 (4).png,ad
/AD_IMG/8 (5).png,ad
/AD_IMG/8 (6).png,ad
/AD_IMG/8 (7).png,ad
/AD_IMG/8 (8).png,ad
/AD_IMG/8 (9).png,ad
/AD_IMG/8 copy.png,ad
/AD_IMG/8.png,ad
/AD_IMG/9 (1).png,ad
/AD_IMG/9 (10).png,ad
/AD_IMG/9 (11).png,ad
/AD_IMG/9 (12).png,ad
/AD_IMG/9 (13).png,ad
/AD_IMG/9 (14).png,ad
/AD_IMG/9 (15).png,ad
/AD_IMG/9 (2).png,ad
/AD_IMG/9 (3).png,ad
/AD_IMG/9 (4).png,ad
/AD_IMG/9 (5).png,ad
/AD_IMG/9 (6).png,ad
/AD_IMG/9 (7).png,ad
/AD_IMG/9 (8).png,ad
/AD_IMG/9 (9).png,ad
/AD_IMG/9 copy.png,ad
/AD_IMG/9.png,ad
